FU,1,bulbasaur,7,69,64,49,49,45,65,65,45
FU,2,ivysaur,10,130,142,62,63,60,80,80,60
OU,3,venusaur,20,1000,236,82,83,80,100,100,80
FU,4,charmander,6,85,62,52,43,39,60,50,65
FU,5,charmeleon,11,190,142,64,58,58,80,65,80
OU,6,charizard,17,905,240,84,78,78,109,85,100
FU,7,squirtle,5,90,63,48,65,44,50,64,43
FU,8,wartortle,10,225,142,63,80,59,65,80,58
UU,9,blastoise,16,855,239,83,100,79,85,105,78
FU,10,caterpie,3,29,39,30,35,45,20,20,45
FU,11,metapod,7,99,72,20,55,50,25,25,30
FU,12,butterfree,11,320,178,45,50,60,90,80,70
FU,13,weedle,3,32,39,35,30,40,20,20,50
FU,14,kakuna,6,100,72,25,50,45,25,25,35
UU,15,beedrill,10,295,178,90,40,65,45,80,75
FU,16,pidgey,3,18,50,45,40,40,35,35,56
FU,17,pidgeotto,11,300,122,60,55,63,50,50,71
RU,18,pidgeot,15,395,216,80,75,83,70,70,101
FU,19,rattata,3,35,51,56,35,30,25,35,72
FU,20,raticate,7,185,145,81,60,55,50,70,97
FU,21,spearow,3,20,52,60,30,40,31,31,70
FU,22,fearow,12,380,155,90,65,65,61,61,100
FU,23,ekans,20,69,58,60,44,35,40,54,55
FU,24,arbok,35,650,153,85,69,60,65,79,80
FU,25,pikachu,4,60,112,55,40,35,50,50,90
PU,26,raichu,8,300,218,90,55,60,90,80,110
FU,27,sandshrew,6,120,60,75,85,50,20,30,40
NU,28,sandslash,10,295,158,100,110,75,45,55,65
NONE,29,nidoran-f,4,70,55,47,52,55,40,40,41
FU,30,nidorina,8,200,128,62,67,70,55,55,56
UU,31,nidoqueen,13,600,227,92,87,90,75,85,76
NONE,32,nidoran-m,5,90,55,57,40,46,40,40,50
FU,33,nidorino,9,195,128,72,57,61,55,55,65
UU,34,nidoking,14,620,227,102,77,81,85,75,85
FU,35,clefairy,6,75,113,45,48,70,60,65,35
OU,36,clefable,13,400,217,70,73,95,95,90,60
FU,37,vulpix,6,99,60,41,40,38,50,65,65
PU,38,ninetales,11,199,177,76,75,73,81,100,100
FU,39,jigglypuff,5,55,95,45,20,115,45,25,20
FU,40,wigglytuff,10,120,196,70,45,140,85,50,45
FU,41,zubat,8,75,49,45,35,40,30,40,55
RU,42,golbat,16,550,159,80,70,75,65,75,90
FU,43,oddish,5,54,64,50,55,45,75,65,30
FU,44,gloom,8,86,138,65,70,60,85,75,40
NU,45,vileplume,12,186,221,80,85,75,110,90,50
FU,46,paras,3,54,57,70,55,35,45,55,25
FU,47,parasect,10,295,142,95,80,60,60,80,30
FU,48,venonat,10,300,61,55,50,60,40,55,45
OU,49,venomoth,15,125,158,65,60,70,90,75,90
FU,50,diglett,2,8,53,55,25,10,35,45,95
RU,51,dugtrio,7,333,142,80,50,35,50,70,120
FU,52,meowth,4,42,58,45,35,40,40,40,90
FU,53,persian,10,320,154,70,60,65,65,65,115
FU,54,psyduck,8,196,64,52,48,50,65,50,55
FU,55,golduck,17,766,175,82,78,80,95,80,85
FU,56,mankey,5,280,61,80,35,40,35,45,70
NU,57,primeape,10,320,159,105,60,65,60,70,95
FU,58,growlithe,7,190,70,70,45,55,70,50,60
UU,59,arcanine,19,1550,194,110,80,90,100,80,95
PU,60,poliwag,6,124,60,50,40,40,40,40,90
FU,61,poliwhirl,10,200,135,65,65,65,50,50,90
PU,62,poliwrath,13,540,230,95,95,90,70,90,70
FU,63,abra,9,195,62,20,15,25,105,55,90
PU,64,kadabra,13,565,140,35,30,40,120,70,105
UU,65,alakazam,15,480,225,50,45,55,135,95,120
FU,66,machop,8,195,61,80,50,70,35,35,35
FU,67,machoke,15,705,142,100,70,80,50,60,45
UU,68,machamp,16,1300,227,130,80,90,65,85,55
FU,69,bellsprout,7,40,60,75,35,50,70,30,40
FU,70,weepinbell,10,64,137,90,50,65,85,45,55
FU,71,victreebel,17,155,221,105,65,80,100,70,70
FU,72,tentacool,9,455,67,40,35,40,50,100,70
UU,73,tentacruel,16,550,180,70,65,80,80,120,100
FU,74,geodude,4,200,60,80,100,40,30,30,20
FU,75,graveler,10,1050,137,95,115,55,45,45,35
PU,76,golem,14,3000,223,120,130,80,55,65,45
FU,77,ponyta,10,300,82,85,55,50,65,65,90
FU,78,rapidash,17,950,175,100,70,65,80,80,105
FU,79,slowpoke,12,360,63,65,65,90,40,40,15
OU,80,slowbro,16,785,172,75,110,95,100,80,30
FU,81,magnemite,3,60,65,35,70,25,95,55,45
RU,82,magneton,10,600,163,60,95,50,120,70,70
NONE,83,farfetchd,8,150,123,65,55,52,58,62,60
FU,84,doduo,14,392,62,85,45,35,35,35,75
PU,85,dodrio,18,852,161,110,70,60,60,60,100
FU,86,seel,11,900,65,45,55,65,45,70,45
FU,87,dewgong,17,1200,166,70,80,90,70,95,70
FU,88,grimer,9,300,65,80,50,80,40,50,25
NU,89,muk,12,300,175,105,75,105,65,100,50
FU,90,shellder,3,40,61,65,100,30,45,25,40
UU,91,cloyster,15,1325,184,95,180,50,85,45,70
FU,92,gastly,13,1,62,35,30,30,100,35,80
PU,93,haunter,16,1,142,50,45,45,115,55,95
OU,94,gengar,15,405,225,65,60,60,130,75,110
FU,95,onix,88,2100,77,45,160,35,30,45,70
FU,96,drowzee,10,324,66,48,45,60,43,90,42
FU,97,hypno,16,756,169,73,70,85,73,115,67
FU,98,krabby,4,65,65,105,90,30,25,25,50
FU,99,kingler,13,600,166,130,115,55,50,50,75
FU,100,voltorb,5,104,66,30,50,40,55,55,100
PU,101,electrode,12,666,168,50,70,60,80,80,140
FU,102,exeggcute,4,25,65,40,80,60,60,45,40
NU,103,exeggutor,20,1200,182,95,85,95,125,65,55
FU,104,cubone,4,65,64,50,95,50,40,50,35
PU,105,marowak,10,450,149,80,110,60,50,80,45
RU,106,hitmonlee,15,498,159,120,53,50,35,110,87
RU,107,hitmonchan,14,502,159,105,79,50,35,110,76
FU,108,lickitung,12,655,77,55,75,90,60,75,30
FU,109,koffing,6,10,68,65,95,40,60,45,35
NU,110,weezing,12,95,172,90,120,65,85,70,60
FU,111,rhyhorn,10,1150,69,85,95,80,30,30,25
NU,112,rhydon,19,1200,170,130,120,105,45,45,40
OU,113,chansey,11,346,395,5,5,250,35,105,50
PU,114,tangela,10,350,87,55,115,65,100,40,60
NU,115,kangaskhan,22,800,172,95,80,105,40,80,90
FU,116,horsea,4,80,59,40,70,30,70,25,60
FU,117,seadra,12,250,154,65,95,55,95,45,85
PU,118,goldeen,6,150,64,67,60,45,35,50,63
FU,119,seaking,13,390,158,92,65,80,65,80,68
FU,120,staryu,8,345,68,45,55,30,70,55,85
UU,121,starmie,11,800,182,75,85,60,100,85,115
NONE,122,mr-mime,13,545,161,45,65,40,100,120,90
PU,123,scyther,15,560,100,110,80,70,55,80,105
NU,124,jynx,14,406,159,50,35,65,115,95,95
FU,125,electabuzz,11,300,172,83,57,65,95,85,105
FU,126,magmar,13,445,173,95,57,65,100,85,93
OU,127,pinsir,15,550,175,125,100,65,55,70,85
PU,128,tauros,14,884,172,100,95,75,40,70,110
FU,129,magikarp,9,100,40,10,55,20,15,20,80
OU,130,gyarados,65,2350,189,125,79,95,60,100,81
FU,131,lapras,25,2200,187,85,80,130,85,95,60
FU,132,ditto,3,40,101,48,48,48,48,48,48
FU,133,eevee,3,65,65,55,50,55,45,65,55
UU,134,vaporeon,10,290,184,65,60,130,110,95,65
RU,135,jolteon,8,245,184,65,60,65,110,95,130
PU,136,flareon,9,250,184,130,60,65,95,110,65
FU,137,porygon,8,365,79,60,70,65,85,75,40
FU,138,omanyte,4,75,71,40,100,35,90,55,35
RU,139,omastar,10,350,173,60,125,70,115,70,55
FU,140,kabuto,5,115,71,80,90,30,55,45,55
NU,141,kabutops,13,405,173,115,105,60,65,70,80
UU,142,aerodactyl,18,590,180,105,65,80,60,75,130
UU,143,snorlax,21,4600,189,110,65,160,65,110,30
FU,144,articuno,17,554,261,85,100,90,95,125,85
OU,145,zapdos,16,526,261,90,85,90,125,90,100
RU,146,moltres,20,600,261,100,90,90,125,85,90
FU,147,dratini,18,33,60,64,45,41,50,50,50
FU,148,dragonair,40,165,147,84,65,61,70,70,70
OU,149,dragonite,22,2100,270,134,95,91,100,100,80
UB,150,mewtwo,20,1220,306,110,90,106,154,90,130
OU,151,mew,4,40,270,100,100,100,100,100,100
FU,152,chikorita,9,64,64,49,65,45,49,65,45
FU,153,bayleef,12,158,142,62,80,60,63,80,60
FU,154,meganium,18,1005,236,82,100,80,83,100,80
FU,155,cyndaquil,5,79,62,52,43,39,60,50,65
FU,156,quilava,9,190,142,64,58,58,80,65,80
NU,157,typhlosion,17,795,240,84,78,78,109,85,100
FU,158,totodile,6,95,63,65,64,50,44,48,43
FU,159,croconaw,11,250,142,80,80,65,59,63,58
NU,160,feraligatr,23,888,239,105,100,85,79,83,78
FU,161,sentret,8,60,43,46,34,35,35,45,20
FU,162,furret,18,325,145,76,64,85,45,55,90
PU,163,hoothoot,7,212,52,30,30,60,36,56,50
FU,164,noctowl,16,408,155,50,50,100,76,96,70
PU,165,ledyba,10,108,53,20,30,40,40,80,55
FU,166,ledian,14,356,137,35,50,55,55,110,85
FU,167,spinarak,5,85,50,60,40,40,40,40,30
FU,168,ariados,11,335,137,90,70,70,60,60,40
UU,169,crobat,18,750,241,90,80,85,70,80,130
FU,170,chinchou,5,120,66,38,38,75,56,56,67
NU,171,lanturn,12,225,161,58,58,125,76,76,67
FU,172,pichu,3,20,41,40,15,20,35,35,60
FU,173,cleffa,3,30,44,25,28,50,45,55,15
FU,174,igglybuff,3,10,42,30,15,90,40,20,15
FU,175,togepi,3,15,49,20,65,35,40,65,20
PU,176,togetic,6,32,142,40,85,55,80,105,40
FU,177,natu,2,20,64,50,45,40,70,45,70
NU,178,xatu,15,150,165,75,70,65,95,70,95
FU,179,mareep,6,78,56,40,40,55,65,45,35
FU,180,flaaffy,8,133,128,55,55,70,80,60,45
UU,181,ampharos,14,615,230,75,85,90,115,90,55
FU,182,bellossom,4,58,221,80,95,75,90,100,50
FU,183,marill,4,85,88,20,50,70,20,50,40
OU,184,azumarill,8,285,189,50,80,100,60,80,50
FU,185,sudowoodo,12,380,144,100,115,70,30,65,30
FU,186,politoed,11,339,225,75,75,90,90,100,70
FU,187,hoppip,4,5,50,35,40,35,35,55,50
FU,188,skiploom,6,10,119,45,50,55,45,65,80
FU,189,jumpluff,8,30,207,55,70,75,55,95,110
FU,190,aipom,8,115,72,70,55,55,40,55,85
FU,191,sunkern,3,18,36,30,30,30,30,30,30
FU,192,sunflora,8,85,149,75,55,75,105,85,30
FU,193,yanma,12,380,78,65,45,65,75,45,95
FU,194,wooper,4,85,42,45,45,55,25,25,15
RU,195,quagsire,14,750,151,85,85,95,65,65,35
UU,196,espeon,9,265,184,65,60,65,130,95,110
UU,197,umbreon,10,270,184,65,110,95,60,130,65
FU,198,murkrow,5,21,81,85,42,60,85,42,91
RU,199,slowking,20,795,172,75,80,95,100,110,30
FU,200,misdreavus,7,10,87,60,60,60,85,85,85
FU,201,unown,5,50,118,72,48,48,72,48,48
FU,202,wobbuffet,13,285,142,33,58,190,33,58,33
FU,203,girafarig,15,415,159,80,65,70,90,65,85
FU,204,pineco,6,72,58,65,90,50,35,35,15
UU,205,forretress,12,1258,163,90,140,75,60,60,40
FU,206,dunsparce,15,140,145,70,70,100,65,65,45
RU,207,gligar,11,648,86,75,105,65,35,65,85
NU,208,steelix,92,4000,179,85,200,75,55,65,30
FU,209,snubbull,6,78,60,80,50,60,40,40,30
NU,210,granbull,14,487,158,120,75,90,60,60,45
NU,211,qwilfish,5,39,86,95,75,65,55,55,85
OU,212,scizor,18,1180,175,130,100,70,55,80,65
UU,213,shuckle,6,205,177,10,230,20,10,230,5
OU,214,heracross,15,540,175,125,75,80,40,95,85
PU,215,sneasel,9,280,86,95,55,55,35,75,115
FU,216,teddiursa,6,88,66,80,50,60,50,50,40
FU,217,ursaring,18,1258,175,130,75,90,75,75,55
NU,218,slugma,7,350,50,40,40,40,70,40,20
FU,219,magcargo,8,550,144,50,120,50,80,80,30
FU,220,swinub,4,65,50,50,40,50,30,30,50
PU,221,piloswine,11,558,158,100,80,100,60,60,50
FU,222,corsola,6,50,133,55,85,55,65,85,35
PU,223,remoraid,6,120,60,65,35,35,65,35,65
FU,224,octillery,9,285,168,105,75,75,105,75,45
FU,225,delibird,9,160,116,55,45,45,65,45,75
PU,226,mantine,21,2200,163,40,70,65,80,140,70
OU,227,skarmory,17,505,163,80,140,65,40,70,70
FU,228,houndour,6,108,66,60,30,45,80,50,65
RU,229,houndoom,14,350,175,90,50,75,110,80,95
UU,230,kingdra,18,1520,243,95,95,75,95,95,85
FU,231,phanpy,5,335,66,60,60,90,40,40,40
UU,232,donphan,11,1200,175,120,120,90,60,60,50
UU,233,porygon2,6,325,180,80,90,85,105,95,60
FU,234,stantler,14,712,163,95,62,73,85,65,85
OU,235,smeargle,12,580,88,20,35,55,20,45,75
FU,236,tyrogue,7,210,42,35,35,35,35,35,35
RU,237,hitmontop,14,480,159,95,95,50,35,110,70
FU,238,smoochum,4,60,61,30,15,45,85,65,65
FU,239,elekid,6,235,72,63,37,45,65,55,95
FU,240,magby,7,214,73,75,37,45,70,55,83
NU,241,miltank,12,755,172,80,105,95,40,70,100
UU,242,blissey,15,468,608,10,10,255,75,135,55
UU,243,raikou,19,1780,261,85,75,90,115,100,115
UU,244,entei,21,1980,261,115,85,115,90,75,100
UU,245,suicune,20,1870,261,75,115,100,90,115,85
FU,246,larvitar,6,720,60,64,50,50,45,50,41
FU,247,pupitar,12,1520,144,84,70,70,65,70,51
OU,248,tyranitar,20,2020,270,134,110,100,95,100,61
UB,249,lugia,52,2160,306,90,130,106,90,154,110
UB,250,ho-oh,38,1990,306,130,90,106,110,154,90
UU,251,celebi,6,50,270,100,100,100,100,100,100
FU,252,treecko,5,50,62,45,35,40,65,55,70
FU,253,grovyle,9,216,142,65,45,50,85,65,95
RU,254,sceptile,17,522,239,85,65,70,105,85,120
FU,255,torchic,4,25,62,60,40,45,70,50,45
RU,256,combusken,9,195,142,85,60,60,85,60,55
UB,257,blaziken,19,520,239,120,70,80,110,70,80
FU,258,mudkip,4,76,62,70,50,50,50,50,40
FU,259,marshtomp,7,280,142,85,70,70,60,70,50
UU,260,swampert,15,819,241,110,90,100,85,90,60
FU,261,poochyena,5,136,44,55,35,35,30,30,35
FU,262,mightyena,10,370,147,90,70,70,60,60,70
FU,263,zigzagoon,4,175,48,30,41,38,30,41,60
FU,264,linoone,5,325,147,70,61,78,50,61,100
FU,265,wurmple,3,36,39,45,35,45,20,30,20
FU,266,silcoon,6,100,72,35,55,50,25,25,15
FU,267,beautifly,10,284,178,70,50,60,100,50,65
FU,268,cascoon,7,115,41,35,55,50,25,25,15
FU,269,dustox,12,316,135,50,70,60,50,90,65
PU,270,lotad,5,26,44,30,30,40,40,50,30
FU,271,lombre,12,325,119,50,50,60,60,70,50
NU,272,ludicolo,15,550,216,70,70,80,90,100,70
FU,273,seedot,5,40,44,40,50,40,30,30,30
FU,274,nuzleaf,10,280,119,70,40,70,60,40,60
RU,275,shiftry,13,596,216,100,60,90,90,60,80
FU,276,taillow,3,23,54,55,30,40,30,30,85
NU,277,swellow,7,198,151,85,60,60,50,50,125
FU,278,wingull,6,95,54,30,30,40,55,30,85
PU,279,pelipper,12,280,151,50,100,60,85,70,65
FU,280,ralts,4,66,40,25,25,28,45,35,40
FU,281,kirlia,8,202,97,35,35,38,65,55,50
OU,282,gardevoir,16,484,233,65,65,68,125,115,80
FU,283,surskit,5,17,54,30,32,40,50,52,65
FU,284,masquerain,8,36,145,60,62,70,80,82,60
FU,285,shroomish,4,45,59,40,60,60,40,60,35
OU,286,breloom,12,392,161,130,80,60,60,60,70
FU,287,slakoth,8,240,56,60,60,60,35,35,30
PU,288,vigoroth,14,465,154,80,80,80,55,55,90
FU,289,slaking,20,1305,252,160,100,150,95,65,100
FU,290,nincada,5,55,53,45,90,31,30,30,40
FU,291,ninjask,8,120,160,90,45,61,50,50,160
FU,292,shedinja,8,12,83,90,45,1,30,30,40
FU,293,whismur,6,163,48,51,23,64,51,23,28
FU,294,loudred,10,405,126,71,43,84,71,43,48
RU,295,exploud,15,840,221,91,63,104,91,73,68
FU,296,makuhita,10,864,47,60,30,72,20,30,25
NU,297,hariyama,23,2538,166,120,60,144,40,60,50
FU,298,azurill,2,20,38,20,40,50,20,40,20
FU,299,nosepass,10,970,75,45,135,30,45,90,30
FU,300,skitty,6,110,52,45,45,50,35,35,50
FU,301,delcatty,11,326,133,65,65,70,55,55,70
OU,302,sableye,5,110,133,75,75,50,65,65,50
RU,303,mawile,6,115,133,85,85,50,55,55,50
FU,304,aron,4,600,66,70,100,50,40,40,30
FU,305,lairon,9,1200,151,90,140,60,50,50,40
UU,306,aggron,21,3600,239,110,180,70,60,60,50
FU,307,meditite,6,112,56,40,55,30,40,55,60
UU,308,medicham,13,315,144,60,75,60,60,75,80
FU,309,electrike,6,152,59,45,40,40,65,40,65
OU,310,manectric,15,402,166,75,60,70,105,60,105
FU,311,plusle,4,42,142,50,40,60,85,75,95
FU,312,minun,4,42,142,40,50,60,75,85,95
FU,313,volbeat,7,177,140,73,55,65,47,75,85
FU,314,illumise,6,177,140,47,55,65,73,75,85
PU,315,roselia,3,20,140,60,45,50,100,80,65
FU,316,gulpin,4,103,60,43,53,70,43,53,40
FU,317,swalot,17,800,163,73,83,100,73,83,55
FU,318,carvanha,8,208,61,90,20,45,65,20,65
RU,319,sharpedo,18,888,161,120,40,70,95,40,95
FU,320,wailmer,20,1300,80,70,35,130,70,35,60
FU,321,wailord,145,3980,175,90,45,170,90,45,60
FU,322,numel,7,240,61,60,40,60,65,45,35
PU,323,camerupt,19,2200,161,100,70,70,105,75,40
NU,324,torkoal,5,804,165,85,140,70,85,70,20
FU,325,spoink,7,306,66,25,35,60,70,80,60
FU,326,grumpig,9,715,165,45,65,80,90,110,80
FU,327,spinda,11,50,126,60,60,60,60,60,60
FU,328,trapinch,7,150,58,100,45,45,45,45,10
FU,329,vibrava,11,153,119,70,50,50,50,50,70
UU,330,flygon,20,820,234,100,80,80,80,80,100
FU,331,cacnea,4,513,67,85,40,50,85,40,35
NU,332,cacturne,13,774,166,115,60,70,115,60,55
FU,333,swablu,4,12,62,40,60,45,40,75,50
UU,334,altaria,11,206,172,70,90,75,70,105,80
NU,335,zangoose,13,403,160,115,60,73,60,60,90
FU,336,seviper,27,525,160,100,60,73,100,60,65
FU,337,lunatone,10,1680,154,55,65,70,95,85,70
FU,338,solrock,12,1540,154,95,85,70,55,65,70
FU,339,barboach,4,19,58,48,43,50,46,41,60
FU,340,whiscash,9,236,164,78,73,110,76,71,60
FU,341,corphish,6,115,62,80,65,43,50,35,35
OU,342,crawdaunt,11,328,164,120,85,63,90,55,55
FU,343,baltoy,5,215,60,40,55,40,40,70,55
RU,344,claydol,15,1080,175,70,105,60,70,120,75
FU,345,lileep,10,238,71,41,77,66,61,87,23
NU,346,cradily,15,604,173,81,97,86,81,107,43
FU,347,anorith,7,125,71,95,50,45,40,50,75
NU,348,armaldo,15,682,173,125,100,75,70,80,45
FU,349,feebas,6,74,40,15,20,20,10,55,80
UU,350,milotic,62,1620,189,60,79,95,100,125,81
FU,351,castform,3,8,147,70,70,70,70,70,70
PU,352,kecleon,10,220,154,90,70,60,60,120,40
FU,353,shuppet,6,23,59,75,35,44,63,33,45
RU,354,banette,11,125,159,115,65,64,83,63,65
FU,355,duskull,8,150,59,40,90,20,30,90,25
PU,356,dusclops,16,306,159,70,130,40,60,130,25
FU,357,tropius,20,1000,161,68,83,99,72,87,51
FU,358,chimecho,6,10,149,50,70,65,95,80,65
UU,359,absol,12,470,163,130,60,65,75,60,75
FU,360,wynaut,6,140,52,23,48,95,23,48,23
FU,361,snorunt,7,168,60,50,50,50,50,50,50
PU,362,glalie,15,2565,168,80,80,80,80,80,80
FU,363,spheal,8,395,58,40,50,70,55,50,25
FU,364,sealeo,11,876,144,60,70,90,75,70,45
FU,365,walrein,14,1506,239,80,90,110,95,90,65
FU,366,clamperl,4,525,69,64,85,35,74,55,32
FU,367,huntail,17,270,170,104,105,55,94,75,52
NU,368,gorebyss,18,226,170,84,105,55,114,75,52
FU,369,relicanth,10,234,170,90,130,100,45,65,55
FU,370,luvdisc,6,87,116,30,55,43,40,65,97
FU,371,bagon,6,421,60,75,60,45,40,30,50
FU,372,shelgon,11,1105,147,95,100,65,60,50,50
OU,373,salamence,15,1026,270,135,80,95,110,80,100
FU,374,beldum,6,952,60,55,80,40,35,60,30
FU,375,metang,12,2025,147,75,100,60,55,80,50
OU,376,metagross,16,5500,270,135,130,80,95,90,70
NU,377,regirock,17,2300,261,100,200,80,50,100,50
PU,378,regice,18,1750,261,50,100,80,100,200,50
RU,379,registeel,19,2050,261,75,150,80,75,150,50
OU,380,latias,14,400,270,80,90,80,110,130,110
OU,381,latios,20,600,270,90,80,80,130,110,110
UB,382,kyogre,45,3520,302,100,90,100,150,140,90
UB,383,groudon,35,9500,302,150,140,100,100,90,90
UB,384,rayquaza,70,2065,306,150,90,105,150,90,95
UU,385,jirachi,3,11,270,100,100,100,100,100,100
NONE,386,deoxys-normal,17,608,270,150,50,50,150,50,150
NU,387,turtwig,4,102,64,68,64,55,45,55,31
FU,388,grotle,11,970,142,89,85,75,55,65,36
PU,389,torterra,22,3100,236,109,105,95,75,85,56
FU,390,chimchar,5,62,62,58,44,44,58,44,61
FU,391,monferno,9,220,142,78,52,64,78,52,81
UU,392,infernape,12,550,240,104,71,76,104,71,108
FU,393,piplup,4,52,63,51,53,53,61,56,40
FU,394,prinplup,8,230,142,66,68,64,81,76,50
UU,395,empoleon,17,845,239,86,88,84,111,101,60
FU,396,starly,3,20,49,55,30,40,30,30,60
FU,397,staravia,6,155,119,75,50,55,40,40,80
OU,398,staraptor,12,249,218,120,70,85,50,60,100
FU,399,bidoof,5,200,50,45,40,59,35,40,31
FU,400,bibarel,10,315,144,85,60,79,55,60,71
FU,401,kricketot,3,22,39,25,41,37,25,41,25
FU,402,kricketune,10,255,134,85,51,77,55,51,65
PU,403,shinx,5,95,53,65,34,45,40,34,45
FU,404,luxio,9,305,127,85,49,60,60,49,60
FU,405,luxray,14,420,235,120,79,80,95,79,70
FU,406,budew,2,12,56,30,35,40,50,70,55
UU,407,roserade,9,145,232,70,65,60,125,105,90
FU,408,cranidos,9,315,70,125,40,67,30,30,58
FU,409,rampardos,16,1025,173,165,60,97,65,50,58
FU,410,shieldon,5,570,70,42,118,30,42,88,30
PU,411,bastiodon,13,1495,173,52,168,60,47,138,30
FU,412,burmy,2,34,45,29,45,40,29,45,36
NONE,413,wormadam-plant,5,65,148,59,85,60,79,105,36
FU,414,mothim,9,233,148,94,50,70,94,50,66
FU,415,combee,3,55,49,30,42,30,30,42,70
FU,416,vespiquen,12,385,166,80,102,70,80,102,40
FU,417,pachirisu,4,39,142,45,70,60,45,90,95
FU,418,buizel,7,295,66,65,35,55,60,30,85
PU,419,floatzel,11,335,173,105,55,85,85,50,115
PU,420,cherubi,4,33,55,35,45,45,62,53,35
FU,421,cherrim,5,93,158,60,70,70,87,78,85
FU,422,shellos,3,63,65,48,48,76,57,62,34
RU,423,gastrodon,9,299,166,83,68,111,92,82,39
RU,424,ambipom,12,203,169,100,66,75,60,66,115
FU,425,drifloon,4,12,70,50,34,90,60,44,70
FU,426,drifblim,12,150,174,80,44,150,90,54,80
FU,427,buneary,4,55,70,66,44,55,44,56,85
RU,428,lopunny,12,333,168,76,84,65,54,96,105
NU,429,mismagius,9,44,173,60,60,60,105,105,105
UU,430,honchkrow,9,273,177,125,52,100,105,52,71
FU,431,glameow,5,39,62,55,42,49,42,37,85
FU,432,purugly,10,438,158,82,64,71,64,59,112
PU,433,chingling,2,6,57,30,50,45,65,50,45
FU,434,stunky,4,192,66,63,47,63,41,41,74
RU,435,skuntank,10,380,168,93,67,103,71,61,84
FU,436,bronzor,5,605,60,24,86,57,24,86,23
RU,437,bronzong,13,1870,175,89,116,67,79,116,33
FU,438,bonsly,5,150,58,80,95,50,10,45,10
NONE,439,mime-jr,6,130,62,25,45,20,70,90,60
FU,440,happiny,6,244,110,5,5,100,15,65,30
PU,441,chatot,5,19,144,65,45,76,92,42,91
RU,442,spiritomb,10,1080,170,92,108,50,92,108,35
FU,443,gible,7,205,60,70,45,58,40,45,42
FU,444,gabite,14,560,144,90,65,68,50,55,82
OU,445,garchomp,19,950,270,130,95,108,80,85,102
FU,446,munchlax,6,1050,78,85,40,135,40,85,5
FU,447,riolu,7,202,57,70,40,40,35,40,60
UU,448,lucario,12,540,184,110,70,70,115,70,90
FU,449,hippopotas,8,495,66,72,78,68,38,42,32
UU,450,hippowdon,20,3000,184,112,118,108,68,72,47
FU,451,skorupi,8,120,66,50,90,40,30,55,65
RU,452,drapion,13,615,175,90,110,70,60,75,95
FU,453,croagunk,7,230,60,61,40,48,61,40,50
UU,454,toxicroak,13,444,172,106,65,83,86,65,85
FU,455,carnivine,14,270,159,100,72,74,90,72,46
FU,456,finneon,4,70,66,49,56,49,49,61,66
FU,457,lumineon,12,240,161,69,76,69,69,86,91
FU,458,mantyke,10,650,69,20,50,45,60,120,50
FU,459,snover,10,505,67,62,50,60,62,60,40
RU,460,abomasnow,22,1355,173,92,75,90,92,85,60
OU,461,weavile,11,340,179,120,65,70,45,85,125
OU,462,magnezone,12,1800,241,70,115,70,130,90,60
PU,463,lickilicky,17,1400,180,85,95,110,80,95,50
RU,464,rhyperior,24,2828,241,140,130,115,55,55,40
RU,465,tangrowth,20,1286,187,100,125,100,110,50,50
NU,466,electivire,18,1386,243,123,67,75,95,85,95
NU,467,magmortar,16,680,243,95,67,75,125,95,83
OU,468,togekiss,15,380,245,50,95,85,120,115,80
UU,469,yanmega,19,515,180,76,86,86,116,56,95
FU,470,leafeon,10,255,184,110,130,65,60,65,95
FU,471,glaceon,8,259,184,60,110,65,130,95,65
OU,472,gliscor,20,425,179,95,125,75,45,75,95
OU,473,mamoswine,25,2910,239,130,80,110,70,60,80
UU,474,porygon-z,9,340,241,80,70,85,135,75,90
RU,475,gallade,16,520,233,125,65,68,65,115,80
NU,476,probopass,14,3400,184,55,145,60,75,150,40
PU,477,dusknoir,22,1066,236,100,135,45,65,135,45
UU,478,froslass,13,266,168,80,70,70,80,70,110
NU,479,rotom,3,3,154,50,77,50,95,77,91
NU,480,uxie,3,3,261,75,130,75,75,130,95
NU,481,mesprit,3,3,261,105,105,80,105,105,80
UU,482,azelf,3,3,261,125,70,75,125,70,115
UB,483,dialga,54,6830,306,120,120,100,150,100,90
UB,484,palkia,42,3360,306,120,100,90,150,120,100
OU,485,heatran,17,4300,270,90,106,91,130,106,77
FU,486,regigigas,37,4200,302,160,110,110,80,110,100
NONE,487,giratina-altered,45,7500,306,100,120,150,100,120,90
RU,488,cresselia,15,856,270,70,120,120,75,130,85
FU,489,phione,4,31,216,80,80,80,80,80,80
OU,490,manaphy,3,14,270,100,100,100,100,100,100
UB,491,darkrai,15,505,270,90,90,70,135,90,125
NONE,492,shaymin-land,2,21,270,100,100,100,100,100,100
UB,493,arceus,32,3200,324,120,120,120,120,120,120
OU,494,victini,4,40,270,100,100,100,100,100,100
FU,495,snivy,6,81,62,45,55,45,45,55,63
FU,496,servine,8,160,145,60,75,60,60,75,83
PU,497,serperior,33,630,238,75,95,75,75,95,113
FU,498,tepig,5,99,62,63,45,65,45,45,45
FU,499,pignite,10,555,146,93,55,90,70,55,55
RU,500,emboar,16,1500,238,123,65,110,100,65,65
FU,501,oshawott,5,59,62,55,45,55,63,45,45
FU,502,dewott,8,245,145,75,60,75,83,60,60
NU,503,samurott,15,946,238,100,85,95,108,70,70
FU,504,patrat,5,116,51,55,39,45,35,39,42
FU,505,watchog,11,270,147,85,69,60,60,69,77
FU,506,lillipup,4,41,55,60,45,45,25,45,55
FU,507,herdier,9,147,130,80,65,65,35,65,60
PU,508,stoutland,12,610,225,110,90,85,45,90,80
FU,509,purrloin,4,101,56,50,37,41,50,37,66
NU,510,liepard,11,375,156,88,50,64,88,50,106
PU,511,pansage,6,105,63,53,48,50,53,48,64
FU,512,simisage,11,305,174,98,63,75,98,63,101
FU,513,pansear,6,110,63,53,48,50,53,48,64
FU,514,simisear,10,280,174,98,63,75,98,63,101
PU,515,panpour,6,135,63,53,48,50,53,48,64
FU,516,simipour,10,290,174,98,63,75,98,63,101
FU,517,munna,6,233,58,25,45,76,67,55,24
NU,518,musharna,11,605,170,55,85,116,107,95,29
PU,519,pidove,3,21,53,55,50,50,36,30,43
FU,520,tranquill,6,150,125,77,62,62,50,42,65
FU,521,unfezant,12,290,220,115,80,80,65,55,93
FU,522,blitzle,8,298,59,60,32,45,50,32,76
PU,523,zebstrika,16,795,174,100,63,75,80,63,116
NU,524,roggenrola,4,180,56,75,85,55,25,25,15
FU,525,boldore,9,1020,137,105,105,70,50,40,20
FU,526,gigalith,17,2600,232,135,130,85,60,80,25
FU,527,woobat,4,21,63,45,43,55,55,43,72
FU,528,swoobat,9,105,149,57,55,67,77,55,114
FU,529,drilbur,3,85,66,85,40,60,30,45,68
OU,530,excadrill,7,404,178,135,60,110,50,65,88
NU,531,audino,11,310,390,60,86,103,60,86,50
FU,532,timburr,6,125,61,80,55,75,25,35,35
NU,533,gurdurr,12,400,142,105,85,85,40,50,40
OU,534,conkeldurr,14,870,227,140,95,105,55,65,45
UU,535,tympole,5,45,59,50,40,50,50,40,64
FU,536,palpitoad,8,170,134,65,55,75,65,55,69
NU,537,seismitoad,15,620,229,95,75,105,85,75,74
PU,538,throh,13,555,163,100,85,120,30,85,45
NU,539,sawk,14,510,163,125,75,75,30,75,85
NU,540,sewaddle,3,25,62,53,70,45,40,60,42
FU,541,swadloon,5,73,133,63,90,55,50,80,42
FU,542,leavanny,12,205,225,103,80,75,70,80,92
PU,543,venipede,4,53,52,45,59,30,30,39,57
FU,544,whirlipede,12,585,126,55,99,40,40,79,47
OU,545,scolipede,25,2005,218,100,89,60,55,69,112
FU,546,cottonee,3,6,56,27,60,40,37,50,66
RU,547,whimsicott,7,66,168,67,85,60,77,75,116
FU,548,petilil,5,66,56,35,50,45,70,50,30
NU,549,lilligant,11,163,168,60,75,70,110,75,90
NONE,550,basculin-red-striped,10,180,161,92,65,70,80,55,98
FU,551,sandile,7,152,58,72,35,50,35,35,65
FU,552,krokorok,10,334,123,82,45,60,45,45,74
UU,553,krookodile,15,963,234,117,80,95,65,70,92
FU,554,darumaka,6,375,63,90,45,70,15,45,50
NONE,555,darmanitan-standard,13,929,168,140,55,105,30,55,95
FU,556,maractus,10,280,161,86,67,75,106,67,60
FU,557,dwebble,3,145,65,65,85,50,35,35,55
NU,558,crustle,14,2000,166,95,125,70,65,75,45
FU,559,scraggy,6,118,70,75,70,50,35,70,48
UU,560,scrafty,11,300,171,90,115,65,45,115,58
RU,561,sigilyph,14,140,172,58,80,72,103,80,97
FU,562,yamask,5,15,61,30,85,38,55,65,30
RU,563,cofagrigus,17,765,169,50,145,58,95,105,30
FU,564,tirtouga,7,165,71,78,103,54,53,45,22
PU,565,carracosta,12,810,173,108,133,74,83,65,32
FU,566,archen,5,95,71,112,45,55,74,45,70
NU,567,archeops,14,320,177,140,65,75,112,65,110
FU,568,trubbish,6,310,66,50,62,50,40,62,65
NU,569,garbodor,19,1073,166,95,82,80,60,82,75
FU,570,zorua,7,125,66,65,40,40,80,40,65
UU,571,zoroark,16,811,179,105,60,60,120,60,105
FU,572,minccino,4,58,60,50,40,55,40,40,75
RU,573,cinccino,5,75,165,95,60,75,65,60,115
NU,574,gothita,4,58,58,30,50,45,55,65,45
FU,575,gothorita,7,180,137,45,70,60,75,85,55
OU,576,gothitelle,15,440,221,55,95,70,95,110,65
FU,577,solosis,3,10,58,30,40,45,105,50,20
FU,578,duosion,6,80,130,40,50,65,125,60,30
RU,579,reuniclus,10,201,221,65,75,110,125,85,30
FU,580,ducklett,5,55,61,44,50,62,44,50,55
FU,581,swanna,13,242,166,87,63,75,87,63,98
PU,582,vanillite,4,57,61,50,50,36,65,60,44
FU,583,vanillish,11,410,138,65,65,51,80,75,59
FU,584,vanilluxe,13,575,241,95,85,71,110,95,79
FU,585,deerling,6,195,67,60,50,60,40,50,75
FU,586,sawsbuck,19,925,166,100,70,80,60,70,95
FU,587,emolga,4,50,150,75,60,55,75,60,103
FU,588,karrablast,5,59,63,75,45,50,40,45,60
RU,589,escavalier,10,330,173,135,105,70,60,105,20
FU,590,foongus,2,10,59,55,45,69,55,55,15
RU,591,amoonguss,6,105,162,85,70,114,85,80,30
FU,592,frillish,12,330,67,40,50,55,65,85,40
RU,593,jellicent,22,1350,168,60,70,100,85,105,60
RU,594,alomomola,12,316,165,75,80,165,40,45,65
FU,595,joltik,1,6,64,47,50,50,57,50,65
UU,596,galvantula,8,143,165,77,60,70,97,60,108
NU,597,ferroseed,6,188,61,50,91,44,24,86,10
OU,598,ferrothorn,10,1100,171,94,131,74,54,116,20
FU,599,klink,3,210,60,55,70,40,45,60,30
FU,600,klang,6,510,154,80,95,60,70,85,50
NU,601,klinklang,6,810,234,100,115,60,70,85,90
NU,602,tynamo,2,3,55,55,40,35,45,40,60
FU,603,eelektrik,12,220,142,85,70,65,75,70,40
RU,604,eelektross,21,805,232,115,80,85,105,80,50
FU,605,elgyem,5,90,67,55,55,55,85,55,30
PU,606,beheeyem,10,345,170,75,75,75,125,95,40
PU,607,litwick,3,31,55,30,55,50,65,55,20
FU,608,lampent,6,130,130,40,60,60,95,60,55
UU,609,chandelure,10,343,234,55,90,60,145,90,80
FU,610,axew,6,180,64,87,60,46,30,40,57
FU,611,fraxure,10,360,144,117,70,66,40,50,67
UU,612,haxorus,18,1055,243,147,90,76,60,70,97
NU,613,cubchoo,5,85,61,70,40,55,60,40,40
FU,614,beartic,26,2600,170,110,80,95,70,80,50
NU,615,cryogonal,11,1480,170,50,30,70,95,135,105
FU,616,shelmet,4,77,61,40,85,50,40,65,25
NU,617,accelgor,8,253,173,70,40,80,100,60,145
FU,618,stunfisk,7,110,165,66,84,109,81,99,32
FU,619,mienfoo,9,200,70,85,50,45,55,50,65
UU,620,mienshao,14,355,179,125,60,65,95,60,105
RU,621,druddigon,16,1390,170,120,90,77,60,90,48
FU,622,golett,10,920,61,74,50,59,35,50,35
NU,623,golurk,28,3300,169,124,80,89,55,80,55
NU,624,pawniard,5,102,68,85,70,45,40,40,60
OU,625,bisharp,16,700,172,125,100,65,60,70,70
PU,626,bouffalant,16,946,172,110,95,95,40,95,55
FU,627,rufflet,5,105,70,83,50,70,37,50,60
RU,628,braviary,15,410,179,123,75,100,57,75,80
FU,629,vullaby,5,90,74,55,75,70,45,65,60
OU,630,mandibuzz,12,395,179,65,105,110,55,95,80
FU,631,heatmor,14,580,169,97,66,85,105,66,65
RU,632,durant,3,330,169,109,112,58,48,48,109
FU,633,deino,8,173,60,65,50,52,45,50,38
FU,634,zweilous,14,500,147,85,70,72,65,70,58
UU,635,hydreigon,18,1600,270,105,90,92,125,90,98
FU,636,larvesta,11,288,72,85,55,55,50,55,60
OU,637,volcarona,16,460,248,60,65,85,135,105,100
RU,638,cobalion,21,2500,261,90,129,91,90,72,108
OU,639,terrakion,19,2600,261,129,90,91,72,90,108
RU,640,virizion,20,2000,261,90,72,91,90,129,108
NONE,641,tornadus-incarnate,15,630,261,115,70,79,125,80,111
NONE,642,thundurus-incarnate,15,610,261,115,70,79,125,80,111
UB,643,reshiram,32,3300,306,120,100,100,150,120,90
UB,644,zekrom,29,3450,306,150,120,100,120,100,90
NONE,645,landorus-incarnate,15,680,270,125,90,89,115,80,101
UU,646,kyurem,30,3250,297,130,90,125,130,90,95
NONE,647,keldeo-ordinary,14,485,261,72,90,91,129,90,108
NONE,648,meloetta-aria,6,65,270,77,77,100,128,128,90
UB,649,genesect,15,825,270,120,95,71,120,95,99
FU,650,chespin,4,90,63,61,65,56,48,45,38
FU,651,quilladin,7,290,142,78,95,61,56,58,57
UU,652,chesnaught,16,900,239,107,122,88,74,75,64
FU,653,fennekin,4,94,61,45,40,40,62,60,60
FU,654,braixen,10,145,143,59,58,59,90,70,73
RU,655,delphox,15,390,240,69,72,75,114,100,104
FU,656,froakie,3,70,63,56,40,41,62,44,71
FU,657,frogadier,6,109,142,63,52,54,83,56,97
OU,658,greninja,15,400,239,95,67,72,103,71,122
FU,659,bunnelby,4,50,47,36,38,38,32,36,57
OU,660,diggersby,10,424,148,56,77,85,50,77,78
FU,661,fletchling,3,17,56,50,43,45,40,38,62
RU,662,fletchinder,7,160,134,73,55,62,56,52,84
OU,663,talonflame,12,245,175,81,71,78,74,69,126
NU,664,scatterbug,3,25,40,35,40,38,27,25,35
FU,665,spewpa,3,84,75,22,60,45,27,30,29
NU,666,vivillon,12,170,185,52,50,80,90,50,89
FU,667,litleo,6,135,74,50,58,62,73,54,72
NU,668,pyroar,15,815,177,68,72,86,109,66,106
FU,669,flabebe,1,1,61,38,39,44,61,79,42
FU,670,floette,2,9,130,45,47,54,75,98,52
UU,671,florges,11,100,248,65,68,78,112,154,75
NU,672,skiddo,9,310,70,65,48,66,62,57,52
FU,673,gogoat,17,910,186,100,62,123,97,81,68
FU,674,pancham,6,80,70,82,62,67,46,48,43
RU,675,pangoro,21,1360,173,124,78,95,69,71,58
FU,676,furfrou,12,280,165,80,60,75,65,90,102
PU,677,espurr,3,35,71,48,54,62,63,60,68
NONE,678,meowstic-male,6,85,163,48,76,74,83,81,104
FU,679,honedge,8,20,65,80,100,45,35,37,28
RU,680,doublade,8,45,157,110,150,59,45,49,35
NONE,681,aegislash-shield,17,530,234,50,150,60,50,150,60
FU,682,spritzee,2,5,68,52,60,78,63,65,23
RU,683,aromatisse,8,155,162,72,72,101,99,89,29
FU,684,swirlix,4,35,68,48,66,62,59,57,49
RU,685,slurpuff,8,50,168,80,86,82,85,75,72
FU,686,inkay,4,35,58,54,53,53,37,46,45
NU,687,malamar,15,470,169,92,88,86,68,75,73
FU,688,binacle,5,310,61,52,67,42,39,56,50
PU,689,barbaracle,13,960,175,105,115,72,54,86,68
FU,690,skrelp,5,73,64,60,60,50,60,60,30
RU,691,dragalge,18,815,173,75,90,65,97,123,44
FU,692,clauncher,5,83,66,53,62,50,58,63,44
RU,693,clawitzer,13,353,100,73,88,71,120,89,59
FU,694,helioptile,5,60,58,38,33,44,61,43,70
RU,695,heliolisk,10,210,168,55,52,62,109,94,109
FU,696,tyrunt,8,260,72,89,77,58,45,45,48
RU,697,tyrantrum,25,2700,182,121,119,82,69,59,71
FU,698,amaura,13,252,72,59,50,77,67,63,46
FU,699,aurorus,27,2250,104,77,72,123,99,92,58
OU,700,sylveon,10,235,184,65,65,95,110,130,60
OU,701,hawlucha,8,215,175,92,75,78,74,63,118
FU,702,dedenne,2,22,151,58,57,67,81,67,101
FU,703,carbink,3,57,100,50,150,50,50,150,50
FU,704,goomy,3,28,60,50,35,45,55,75,40
FU,705,sliggoo,8,175,158,75,53,68,83,113,60
UU,706,goodra,20,1505,270,100,70,90,110,150,80
OU,707,klefki,2,30,165,80,91,57,80,87,75
FU,708,phantump,4,70,62,70,48,43,50,60,38
UU,709,trevenant,15,710,166,110,76,85,65,82,56
NONE,710,pumpkaboo-average,4,50,67,66,70,49,44,55,51
NONE,711,gourgeist-average,9,125,173,90,122,65,58,75,84
FU,712,bergmite,10,995,61,69,85,55,32,35,28
PU,713,avalugg,20,5050,180,117,184,95,44,46,28
FU,714,noibat,5,80,49,30,35,40,45,40,55
UU,715,noivern,15,850,187,70,80,85,97,80,123
UB,716,xerneas,30,2150,306,131,95,126,131,98,99
UB,717,yveltal,58,2030,306,131,95,126,131,98,99
UU,718,zygarde,50,3050,270,100,121,108,81,95,95
UU,719,diancie,7,88,270,100,150,50,100,150,50
NONE,720,hoopa,5,90,270,110,60,80,150,130,70
NONE,721,volcanion,17,1950,270,110,120,80,130,90,70
